<controls>
    <SliderInt_fluidCellsX>
        <name>fluidCellsX</name>
        <value>120</value>
    </SliderInt_fluidCellsX>
    <Button_resizeFluid>
        <name>resizeFluid</name>
        <value>1</value>
    </Button_resizeFluid>
    <SliderFloat_fs.viscocity>
        <name>fs.viscocity</name>
        <value>0.000150</value>
    </SliderFloat_fs.viscocity>
    <SliderFloat_fs.colorDiffusion>
        <name>fs.colorDiffusion</name>
        <value>0.200000</value>
    </SliderFloat_fs.colorDiffusion>
    <SliderFloat_fs.fadeSpeed>
        <name>fs.fadeSpeed</name>
        <value>0.002000</value>
    </SliderFloat_fs.fadeSpeed>
    <SliderInt_fs.solverIterations>
        <name>fs.solverIterations</name>
        <value>10</value>
    </SliderInt_fs.solverIterations>
    <SliderInt_fd.drawMode>
        <name>fd.drawMode</name>
        <value>0</value>
    </SliderInt_fd.drawMode>
    <Toggle_fs.doRGB>
        <name>fs.doRGB</name>
        <value>1</value>
    </Toggle_fs.doRGB>
    <Toggle_fs.doVorticityConfinement>
        <name>fs.doVorticityConfinement</name>
        <value>0</value>
    </Toggle_fs.doVorticityConfinement>
    <Toggle_drawFluid>
        <name>drawFluid</name>
        <value>1</value>
    </Toggle_drawFluid>
    <Toggle_drawParticles>
        <name>drawParticles</name>
        <value>0</value>
    </Toggle_drawParticles>
    <Toggle_renderUsingVA>
        <name>renderUsingVA</name>
        <value>0</value>
    </Toggle_renderUsingVA>
    <Toggle_fs.wrapX>
        <name>fs.wrapX</name>
        <value>0</value>
    </Toggle_fs.wrapX>
    <Toggle_fs.wrapY>
        <name>fs.wrapY</name>
        <value>0</value>
    </Toggle_fs.wrapY>
</controls>
